,0,1,2,3,4,5,6,7,8,9,accuracy,macro avg,weighted avg
precision,1.0,0.9887640449438202,0.9883720930232558,0.9753086419753086,0.9887640449438202,0.946236559139785,0.989010989010989,0.9565217391304348,0.9361702127659575,0.9278350515463918,0.9688542825361512,0.9696983376479764,0.9696092010839529
recall,0.9886363636363636,0.967032967032967,0.9883720930232558,0.8681318681318682,0.9565217391304348,0.967032967032967,0.989010989010989,0.9887640449438202,1.0,0.9782608695652174,0.9688542825361512,0.9691763901507882,0.9688542825361512
f1-score,0.9942857142857142,0.9777777777777779,0.9883720930232558,0.9186046511627908,0.9723756906077348,0.9565217391304348,0.989010989010989,0.9723756906077348,0.967032967032967,0.9523809523809524,0.9688542825361512,0.9688738265020351,0.9686644837258652
support,88.0,91.0,86.0,91.0,92.0,91.0,91.0,89.0,88.0,92.0,0.9688542825361512,899.0,899.0
